Title,Description,URL
Paris Olympic opening ceremony top moment : Céline Dion ’ return plenty French flair - NBC News,,https://news.google.com/rss/articles/CBMiXWh0dHBzOi8vd3d3Lm5iY25ld3MuY29tL3Nwb3J0cy9vbHltcGljcy9wYXJpcy1vbHltcGljLW9wZW5pbmctY2VyZW1vbnktdG9wLW1vbWVudHMtcmNuYTE2Mzg4ONIBK2h0dHBzOi8vd3d3Lm5iY25ld3MuY29tL25ld3MvYW1wL3JjbmExNjM4ODg?oc=5
"Packers ’ Jordan Love agrees 4-year , $ 220 million extension , becomes highest-paid QB : Sources - Athletic - New York Times",,https://news.google.com/rss/articles/CBMiYGh0dHBzOi8vd3d3Lm55dGltZXMuY29tL2F0aGxldGljLzU2NTQwODQvMjAyNC8wNy8yNi9qb3JkYW4tbG92ZS1kZWFsLWNvbnRyYWN0LWdyZWVuLWJheS1wYWNrZXJzL9IBAA?oc=5
Justin Hailey Bieber Show Baby Bump New IG Photos - TMZ,,https://news.google.com/rss/articles/CBMiWmh0dHBzOi8vd3d3LnRtei5jb20vMjAyNC8wNy8yNy9qdXN0aW4taGFpbGV5LWJpZWJlci1iYWJ5LWJ1bXAtcHJlZ25hbmN5LWV4cGVjdGluZy1wYXJlbnRzL9IBWmh0dHBzOi8vYW1wLnRtei5jb20vMjAyNC8wNy8yNy9qdXN0aW4taGFpbGV5LWJpZWJlci1iYWJ5LWJ1bXAtcHJlZ25hbmN5LWV4cGVjdGluZy1wYXJlbnRzLw?oc=5
"‘ Deadpool & Wolverine ’ Shatters Box Office Records , Eyes $ 400 Million Global Opening Weekend - Forbes",,https://news.google.com/rss/articles/CBMiiwFodHRwczovL3d3dy5mb3JiZXMuY29tL3NpdGVzL21hcmtodWdoZXMvMjAyNC8wNy8yNy9kZWFkcG9vbC0td29sdmVyaW5lLXNoYXR0ZXJzLWJveC1vZmZpY2UtcmVjb3Jkcy1leWVzLTQwMC1taWxsaW9uLWdsb2JhbC1vcGVuaW5nLXdlZWtlbmQv0gEA?oc=5
Three member Gospel Music Hall Fame quartet Nelons among 7 killed Wyoming plane crash - ABC News,,https://news.google.com/rss/articles/CBMiXWh0dHBzOi8vYWJjbmV3cy5nby5jb20vVVMvd2lyZVN0b3J5L21lbWJlcnMtZ29zcGVsLW11c2ljLWhhbGwtZmFtZS1xdWFydGV0LW5lbG9ucy03LTExMjMyODEyN9IBYWh0dHBzOi8vYWJjbmV3cy5nby5jb20vYW1wL1VTL3dpcmVTdG9yeS9tZW1iZXJzLWdvc3BlbC1tdXNpYy1oYWxsLWZhbWUtcXVhcnRldC1uZWxvbnMtNy0xMTIzMjgxMjc?oc=5
Ismael 'El Mayo ' Zambada : US caught drug kingpin 35 year - BBC.com,,https://news.google.com/rss/articles/CBMiLmh0dHBzOi8vd3d3LmJiYy5jb20vbmV3cy9hcnRpY2xlcy9jMXJ3eWwyeDA1MG_SATJodHRwczovL3d3dy5iYmMuY29tL25ld3MvYXJ0aWNsZXMvYzFyd3lsMngwNTBvLmFtcA?oc=5
Trump urge Christians vote : ‘ ’ ’ - CNN,,https://news.google.com/rss/articles/CBMiVmh0dHBzOi8vd3d3LmNubi5jb20vMjAyNC8wNy8yNy9wb2xpdGljcy92aWRlby90cnVtcC1jaHJpc3RpYW4tdm90ZS12aW5qYW11cmktbnItZGlndmlk0gEA?oc=5
acne medication set rare chain reaction killed - Washington Post,"losing daughter DRESS Syndrome , two mother work raise awareness rare deadly drug reaction .",https://www.washingtonpost.com/health/2024/07/27/fatal-drug-reaction-acne-dress/
Covid surge US unequal access plague vaccination treatment rate - Guardian,,https://news.google.com/rss/articles/CBMiV2h0dHBzOi8vd3d3LnRoZWd1YXJkaWFuLmNvbS93b3JsZC9hcnRpY2xlLzIwMjQvanVsLzI3L2NvdmlkLXZhY2NpbmUtcmF0ZXMtcGF4bG92aWQtZGF0YdIBV2h0dHBzOi8vYW1wLnRoZWd1YXJkaWFuLmNvbS93b3JsZC9hcnRpY2xlLzIwMjQvanVsLzI3L2NvdmlkLXZhY2NpbmUtcmF0ZXMtcGF4bG92aWQtZGF0YQ?oc=5
behind sabotage France ’ railway network ? ’ know - CNN,,https://news.google.com/rss/articles/CBMiaGh0dHBzOi8vd3d3LmNubi5jb20vMjAyNC8wNy8yNy9ldXJvcGUvZnJhbmNlLXRyYWluLWF0dGFja3MtZXhwbGFpbmVyLTIwMjQtcGFyaXMtb2x5bXBpY3MtaW50bC9pbmRleC5odG1s0gFhaHR0cHM6Ly9hbXAuY25uLmNvbS9jbm4vMjAyNC8wNy8yNy9ldXJvcGUvZnJhbmNlLXRyYWluLWF0dGFja3MtZXhwbGFpbmVyLTIwMjQtcGFyaXMtb2x5bXBpY3MtaW50bA?oc=5
Video : stalling tactic : Reporter break Trump ’ hesitancy debate Harris - CNN,,https://news.google.com/rss/articles/CBMibWh0dHBzOi8vd3d3LmNubi5jb20vMjAyNC8wNy8yNy9wb2xpdGljcy92aWRlby9kb25hbGQtdHJ1bXAta2FtYWxhLWhhcnJpcy1kZWJhdGUtbGlwcG1hbi10YWtlLXNvdC1jbm50bS1kaWd2aWTSAQA?oc=5
California ’ largest wildfire explodes size fire rage across US West - Associated Press,,https://news.google.com/rss/articles/CBMiWmh0dHBzOi8vYXBuZXdzLmNvbS9hcnRpY2xlL3VzLXdpbGRmaXJlcy1jYWxpZm9ybmlhLW9yZWdvbi00ZmYwZTUxODM3MTE5YTMyY2M4MDVlZmM0Njk2N2M5NNIBAA?oc=5
Cole Ella Emhoff ? Harris ' stepchild national spotlight Vance ’ 'childless ' comment - NBC News,,https://news.google.com/rss/articles/CBMiZGh0dHBzOi8vd3d3Lm5iY25ld3MuY29tL25ld3MvYXNpYW4tYW1lcmljYS9jb2xlLWVsbGEtZW1ob2ZmLWthbWFsYS1oYXJyaXMtdmFuY2UtY2hpbGRsZXNzLXJjbmExNjM4MjDSAQA?oc=5
Investors Suddenly Getting Concerned AI n't Making Serious Money - Futurism,,https://news.google.com/rss/articles/CBMiOGh0dHBzOi8vZnV0dXJpc20uY29tL2ludmVzdG9ycy1jb25jZXJuZWQtYWktbWFraW5nLW1vbmV50gEA?oc=5
"least 30 killed 100 injured Israeli airstrike school Gaza , Palestinian official say - CNN",,https://news.google.com/rss/articles/CBMiWmh0dHBzOi8vd3d3LmNubi5jb20vMjAyNC8wNy8yNy9taWRkbGVlYXN0L2lzcmFlbC1nYXphLWRlaXItYWwtYmFsYWgtc2Nob29sLWludGwvaW5kZXguaHRtbNIBU2h0dHBzOi8vYW1wLmNubi5jb20vY25uLzIwMjQvMDcvMjcvbWlkZGxlZWFzdC9pc3JhZWwtZ2F6YS1kZWlyLWFsLWJhbGFoLXNjaG9vbC1pbnRs?oc=5
Retired Astronaut Admits Boeing 's Starliner Trapped Crew Space - Futurism,,https://news.google.com/rss/articles/CBMiQGh0dHBzOi8vZnV0dXJpc20uY29tL3RoZS1ieXRlL3JldGlyZWQtYXN0cm9uYXV0LWJvZWluZy1zdGFybGluZXLSAQA?oc=5
"Food delivery fee rising , everyone 's feeling pinch - CNBC","Frustrations side table hit service like DoorDash , Grubhub Uber Eats , introduced reduced-fee option .",https://www.cnbc.com/2024/07/27/food-delivery-fees-are-rising.html
Scientists delve give-and-take chimp conversation - Washington Post,,https://news.google.com/rss/articles/CBMiVmh0dHBzOi8vd3d3Lndhc2hpbmd0b25wb3N0LmNvbS9zY2llbmNlLzIwMjQvMDcvMjcvY2hpbXAtY29tbXVuaWNhdGlvbi1nZXN0dXJlcy1odW1hbnMv0gEA?oc=5
U.S. medal winner – full list - Olympics,,https://news.google.com/rss/articles/CBMiVWh0dHBzOi8vb2x5bXBpY3MuY29tL2VuL25ld3Mvb2x5bXBpYy1nYW1lcy1wYXJpcy0yMDI0LWFsbC11LXMtbWVkYWwtd2lubmVycy1mdWxsLWxpc3TSAQA?oc=5
's risk wildfire smoke protect - NPR,,https://news.google.com/rss/articles/CBMifGh0dHBzOi8vd3d3Lm5wci5vcmcvc2VjdGlvbnMvc2hvdHMtaGVhbHRoLW5ld3MvMjAyNC8wNy8yNi9ueC1zMS01MDQ5ODI4L3dpbGRmaXJlLXNtb2tlLWhlYWx0aC1yaXNrcy1zYWZldHktYWlyLXF1YWxpdHktaW5kZXjSAQA?oc=5
Deli meat listeria recall : product included - WDIV ClickOnDetroit,,https://news.google.com/rss/articles/CBMidmh0dHBzOi8vd3d3LmNsaWNrb25kZXRyb2l0LmNvbS9jb25zdW1lci9oZWxwLW1lLWhhbmsvMjAyNC8wNy8yNy9kZWxpLW1lYXQtbGlzdGVyaWEtcmVjYWxsLXdoaWNoLXByb2R1Y3RzLWFyZS1pbmNsdWRlZC_SAQA?oc=5
Know Kamala Harris ’ Foreign Policy Positions - New York Times,,https://news.google.com/rss/articles/CBMiVGh0dHBzOi8vd3d3Lm55dGltZXMuY29tLzIwMjQvMDcvMjcvd29ybGQva2FtYWxhLWhhcnJpcy1mb3JlaWduLXBvbGljeS1wb3NpdGlvbnMuaHRtbNIBAA?oc=5
Firefighters Race Contain Wildfires California Oregon - New York Times,,https://news.google.com/rss/articles/CBMiTGh0dHBzOi8vd3d3Lm55dGltZXMuY29tLzIwMjQvMDcvMjcvdXMvY2FsaWZvcm5pYS1vcmVnb24td2lsZGZpcmVzLXNtb2tlLmh0bWzSAQA?oc=5
SpaceX launch Falcon 9 return flight mission Kennedy Space Center - Spaceflight,,https://news.google.com/rss/articles/CBMilAFodHRwczovL3NwYWNlZmxpZ2h0bm93LmNvbS8yMDI0LzA3LzI2L2xpdmUtY292ZXJhZ2Utc3BhY2V4LXByZXBhcmVzLWZvci1yZXR1cm4tdG8tZmxpZ2h0LW1pc3Npb24td2l0aC1mYWxjb24tOS1sYXVuY2gtZnJvbS10aGUta2VubmVkeS1zcGFjZS1jZW50ZXIv0gEA?oc=5
Hindenburg Could Trouble US SEC Squeezes Shortsellers - NDTV Profit,,https://news.google.com/rss/articles/CBMiaGh0dHBzOi8vd3d3Lm5kdHZwcm9maXQuY29tL2xhdy1hbmQtcG9saWN5L2hpbmRlbmJ1cmctY291bGQtYmUtaW4tdHJvdWJsZS1hcy11cy1zZWMtc3F1ZWV6ZXMtc2hvcnRzZWxsZXJz0gFsaHR0cHM6Ly93d3cubmR0dnByb2ZpdC5jb20vYW1wL2xhdy1hbmQtcG9saWN5L2hpbmRlbmJ1cmctY291bGQtYmUtaW4tdHJvdWJsZS1hcy11cy1zZWMtc3F1ZWV6ZXMtc2hvcnRzZWxsZXJz?oc=5
Michael C. Hall Returning ‘ Dexter ’ Universe New Series ‘ Resurrection ’ & ‘ Original Sin ’ – Comic-Con - Deadline,,https://news.google.com/rss/articles/CBMiaWh0dHBzOi8vZGVhZGxpbmUuY29tLzIwMjQvMDcvbWljaGFlbC1jLWhhbGwtcmV0dXJuaW5nLWRleHRlci1yZXN1cnJlY3Rpb24tb3JpZ2luYWwtc2luLXNlcmllcy0xMjM2MDI0MjQwL9IBAA?oc=5
Venezuela election : Opposition hope win year repression - BBC.com,economic crisis forced million flee Venezuela . Could Sunday 's election bring real change ?,https://www.bbc.com/news/articles/c0kry1zpqq8o
"Sean Grayson , officer charged Sonya Massey shooting , disciplinary record : `` acting like bully '' - CBS News","Sean Grayson , now-fired Illinois sheriff 's deputy charged killing 36-year-old Sonya Massey​ home , disciplinary file included accusation bullying abuse power , record obtained CBS News show .",https://www.cbsnews.com/news/sean-grayson-sonya-massey-shooting-illinois-disciplinary-record/
"Shingles vaccine could help dementia , new study suggests - WJW FOX 8 News Cleveland",,https://news.google.com/rss/articles/CBMiVmh0dHBzOi8vZm94OC5jb20vbmV3cy9zaGluZ2xlcy12YWNjaW5lLWNvdWxkLWhlbHAtYWdhaW5zdC1kZW1lbnRpYS1uZXctc3R1ZHktc3VnZ2VzdHMv0gFaaHR0cHM6Ly9mb3g4LmNvbS9uZXdzL3NoaW5nbGVzLXZhY2NpbmUtY291bGQtaGVscC1hZ2FpbnN0LWRlbWVudGlhLW5ldy1zdHVkeS1zdWdnZXN0cy9hbXAv?oc=5
Harris campaign report record-breaking volunteer surge key swing state - Axios,,https://consent.google.com/m
"Orioles bolster staff , acquire Eflin Rays - ESPN",,https://news.google.com/rss/articles/CBMiYmh0dHBzOi8vd3d3LmVzcG4uY29tL21sYi9zdG9yeS9fL2lkLzQwNjQ5MTA5L29yaW9sZXMtYm9sc3Rlci1zdGFmZi1hY3F1aXJlLXN0YXJ0ZXItemFjaC1lZmxpbi1yYXlz0gEA?oc=5
Komodo dragon iron-coated teeth—never seen reptile - National Geographic,"world ’ largest reptile ’ get metal , scientist made surprising discovery .",https://www.nationalgeographic.com/animals/article/komodo-dragons-iron-teeth-predators
Tua Tagovailoa ’ new deal made Brock Purdy ’ camp smile ear ear - Niners Nation,,https://news.google.com/rss/articles/CBMie2h0dHBzOi8vd3d3Lm5pbmVyc25hdGlvbi5jb20vMjAyNC83LzI2LzI0MjA3MTI2L3R1YS10YWdvdmFpbG9hcy1icm9jay1wdXJkeS1qb3JkYW4tbG92ZS00OWVycy1kb2xwaGlucy1wYWNrZXJzLXFiLWV4dGVuc2lvbtIBAA?oc=5
’ Galaxy Ring gesture work - 9to5Google,"Galaxy Ring Samsung ’ option smart ring market . new ring carry gesture control , give ...",http://9to5google.com/2024/07/26/galaxy-ring-gestures/
New Leaked Renders Give Us Best Look Google Pixel 9 Pro Fold - Gizmodo,recent leak surfaced showing upcoming Google Pixel 9 Pro Fold 's design 's full folding glory .,https://gizmodo.com/new-leaked-renders-google-pixel-9-pro-fold-2000479440
"Lego ’ newest retro art piece 1,215-piece Super Mario World homage - Ars Technica",,https://news.google.com/rss/articles/CBMibWh0dHBzOi8vYXJzdGVjaG5pY2EuY29tL2dhbWluZy8yMDI0LzA3L2xlZ29zLW5ld2VzdC1yZXRyby1hcnQtcGllY2UtaXMtYS0xMjE1LXBpZWNlLXN1cGVyLW1hcmlvLXdvcmxkLWhvbWFnZS_SAQA?oc=5
